start time,end time
11/8/2025 8:30,11/8/2025 9:00
11/8/2025 9:00,11/8/2025 9:30
11/8/2025 9:30,11/8/2025 10:00
11/8/2025 10:00,11/8/2025 10:30
11/8/2025 10:30,11/8/2025 11:00
11/8/2025 11:00,11/8/2025 11:30
11/8/2025 11:30,11/8/2025 12:00
11/8/2025 12:00,11/8/2025 12:30
11/8/2025 12:30,11/8/2025 13:00
11/8/2025 13:00,11/8/2025 13:30
11/8/2025 13:30,11/8/2025 14:00
11/8/2025 14:00,11/8/2025 14:30
11/8/2025 14:30,11/8/2025 15:00
11/8/2025 15:00,11/8/2025 15:30
11/8/2025 15:30,11/8/2025 16:00
11/8/2025 16:00,11/8/2025 16:30
11/8/2025 16:30,11/8/2025 17:00
11/8/2025 17:00,11/8/2025 17:30
11/8/2025 17:30,11/8/2025 18:00
11/8/2025 18:00,11/8/2025 18:30
11/8/2025 18:30,11/8/2025 19:00
11/8/2025 19:00,11/8/2025 19:30
11/8/2025 19:30,11/8/2025 20:00
11/8/2025 20:00,11/8/2025 20:30
11/8/2025 20:30,11/8/2025 21:00
11/8/2025 21:00,11/8/2025 21:30
11/8/2025 21:30,11/8/2025 22:00
11/8/2025 22:00,11/8/2025 22:30
11/8/2025 22:30,11/8/2025 23:00
11/8/2025 23:00,11/8/2025 23:30
11/8/2025 23:30,11/8/2025 0:00
11/8/2025 0:00,11/8/2025 0:30
12/8/2025 8:30,12/8/2025 9:00
12/8/2025 9:00,12/8/2025 9:30
12/8/2025 9:30,12/8/2025 10:00
12/8/2025 10:00,12/8/2025 10:30
12/8/2025 10:30,12/8/2025 11:00
12/8/2025 11:00,12/8/2025 11:30
12/8/2025 11:30,12/8/2025 12:00
12/8/2025 12:00,12/8/2025 12:30
12/8/2025 12:30,12/8/2025 13:00
12/8/2025 13:00,12/8/2025 13:30
12/8/2025 13:30,12/8/2025 14:00
12/8/2025 14:00,12/8/2025 14:30
12/8/2025 14:30,12/8/2025 15:00
12/8/2025 15:00,12/8/2025 15:30
12/8/2025 15:30,12/8/2025 16:00
12/8/2025 16:00,12/8/2025 16:30
12/8/2025 16:30,12/8/2025 17:00
12/8/2025 17:00,12/8/2025 17:30
12/8/2025 17:30,12/8/2025 18:00
12/8/2025 18:00,12/8/2025 18:30
12/8/2025 18:30,12/8/2025 19:00
12/8/2025 19:00,12/8/2025 19:30
12/8/2025 19:30,12/8/2025 20:00
12/8/2025 20:00,12/8/2025 20:30
12/8/2025 20:30,12/8/2025 21:00
